,title,genre,rating,price,address
0,Blah!,"Burger, Continental, Pizza, Salad, Beverages",3.8,"₹1,800 for two","Bandra Kurla Complex, Mumbai"
1,Silly,"North Indian, Continental, Fast Food, Desserts, Beverages",4.0,"₹2,000 for two","Khar, Mumbai"
2,Episode One,"Chinese, Asian, Italian, Fast Food, Beverages",4.5,"₹1,000 for two","Powai, Mumbai"
3,Razzberry Rhinoceros,"Mediterranean, Italian, North Indian, Continental, Beverages, Desserts",4.0,"₹2,000 for two","Juhu, Mumbai"
4,Opa Kipos,Greek,2.1,"₹3,800 for two","Worli, Mumbai"
5,The Terrace - A Maiden Affair,"Continental, Italian, Chinese, Fast Food, Salad, Desserts",4.5,"₹1,500 for two","Andheri Lokhandwala, Andheri West, Mumbai"
6,Butterfly High,"Modern Indian, Fast Food, Continental, North Indian, Chinese, Beverages, Finger Food",4.4,"₹1,500 for two","Jet Airways Godrej, Bandra Kurla Complex, Mumbai"
7,Bkc Dive.,"Continental, North Indian, Chinese, Fast Food, Finger Food",4.4,"₹1,100 for two","Bandra Kurla Complex, Mumbai"
8,Poco Loco,"Spanish, Mexican, Continental, Desserts, Beverages",4.3,"₹1,800 for two","Khar, Mumbai"
9,Opa! Bar & Cafe - Peninsula Grand Hotel,"Lebanese, Middle Eastern, Arabian, Salad",4.2,"₹3,400 for two","The Peninsula Grand Hotel, Sakinaka, Mumbai"
10,By The Bae - Kitchen And Bar,"Chinese, Fast Food, North Indian, Street Food, Continental, Beverages, Desserts, Shake",4.2,"₹2,400 for two","Versova, Andheri West, Mumbai"
11,London Taxi,"Modern Indian, Asian, North Indian, Italian, Fast Food, Desserts, Beverages",4.5,"₹1,200 for two","Kamala Mills Compound, Mumbai"
12,The Finch,"Thai, Chinese, Italian, Continental, North Indian, Japanese, Desserts, Beverages",4.4,"₹1,500 for two","Powai, Mumbai"
13,Bastian,"Asian, Desserts",3.1,"₹3,000 for two","Worli, Mumbai"
14,CinCin,"Italian, European, Fast Food, Beverages, Desserts",4.3,"₹2,800 for two","Bandra East, Mumbai"
15,Spotlight Skydeck,"Continental, North Indian, Fast Food, Desserts, Beverages, Bar Food, Chinese",4.2,"₹1,400 for two","Wagle Estate, Thane West, Thane"
16,Diablo,"Asian, Turkish, Mediterranean, Iranian, Desserts, Beverages",4.2,"₹1,600 for two","Worli, Mumbai"
17,Hitchki,"Bar Food, North Indian, Chinese, Continental, Desserts, Beverages",4.6,"₹1,700 for two","First International Financial Centre, Bandra Kurla Complex, Mumbai"
18,The Flying Saucer,"Bar Food, Continental, North Indian, Beverages",4.1,"₹1,900 for two","Andheri Lokhandwala, Andheri West, Mumbai"
19,Boho Bar & Kitchen,"North Indian, Asian, Italian, Continental, Mughlai, Fast Food, Desserts, Beverages",4.1,"₹1,500 for two","Goregaon West, Mumbai"
20,Rikē - Terrace Bar & Grill,"Continental, Italian, Lebanese, Asian, European, Beverages",4.2,"₹1,800 for two","Veera Desai Area, Mumbai"
21,Yazu - Pan Asian Supper Club,"Thai, Korean, Japanese, Chinese",4.8,"₹1,800 for two","Oshiwara, Andheri West, Mumbai"
22,Breeze Lounge,"Italian, Mediterranean, Salad, Fast Food",4.1,"₹2,600 for two","Powai, Mumbai"
23,Sin City Rooftop Resto & Lounge,"Continental, North Indian, Thai, Italian, Beverages",4.5,"₹2,500 for two","Andheri Lokhandwala, Andheri West, Mumbai"
24,Fisco Restobar,"North Indian, Italian, Pizza, Chinese, Fast Food, Beverages",4.4,"₹1,500 for two","Kandivali West, Mumbai"
25,Toit,"Continental, South Indian, Desserts, Waffle",4.5,"₹1,600 for two","Lower Parel, Mumbai"
26,Lord Of The Drinks,"European, Chinese, North Indian, Italian, Sushi",4.2,"₹2,000 for two","Powai, Mumbai"
27,Angrezi Patiyalaa,"North Indian, Mughlai, Chinese, Malwani, Desserts, Beverages, Fast Food, Shake",4.6,"₹1,600 for two","Korum Mall, Khopat, Thane West, Thane"
28,145 Andheri,"North Indian, Chinese, Fast Food, Beverages, Desserts, Shake, Bar Food",4.4,"₹1,600 for two","Veera Desai Area, Mumbai"
29,Tanatan,"North Indian, Malwani",4.5,"₹1,500 for two","Dadar Shivaji Park, Mumbai"
30,Sky Garden,"Chinese, Maharashtrian, North Indian, Continental, Beverages, Mughlai, Desserts, Sichuan",4.4,"₹1,500 for two","Owale, Thane West, Thane"
31,Canto Restaurant & Banquet,"North Indian, Continental, Italian, Lebanese, Shake",4.3,"₹1,300 for two","Lower Parel, Mumbai"
32,Mitron,"Chinese, Sushi, North Indian, Biryani, Kebab, Seafood",4.2,"₹1,500 for two","The Peninsula Grand Hotel, Sakinaka, Mumbai"
33,Loco Loca,"Continental, Italian, Mexican, Beverages, Salad, Tea",4.3,"₹1,000 for two","Andheri Lokhandwala, Andheri West, Mumbai"
34,Indian BBQ Co.,"BBQ, North Indian, Beverages, Desserts",4.5,"₹1,400 for two","Veera Desai Area, Mumbai"
35,KOKO,"Japanese, Sushi, Asian, Chinese",4.7,"₹3,000 for two","Kamala Mills Compound, Mumbai"
36,O Pedro,"Goan, Beverages, Fast Food, Finger Food",4.8,"₹1,800 for two","Jet Airways Godrej, Bandra Kurla Complex, Mumbai"
37,Madeira & Mime,"Finger Food, North Indian, Continental, Desserts, Beverages",4.9,"₹1,000 for two","Powai, Mumbai"
38,The Little Door,"Mediterranean, Italian, Mexican",4.2,"₹1,700 for two","Veera Desai Area, Mumbai"
39,Thyme & Whisk,"North Indian, Continental, Italian, Asian, Modern Indian, Chinese, Desserts",3.8,"₹1,700 for two","Juhu, Mumbai"
40,The Food Studio - Kitchen & Bar,"North Indian, Continental, Asian, Italian, Mughlai",4.4,"₹1,300 for two","Malad West, Mumbai"
41,^nv^s^ble Gastronomy Bar,"North Indian, Continental, Chinese, Biryani, Mughlai, Pizza, Beverages",4.2,"₹1,000 for two","Andheri Lokhandwala, Andheri West, Mumbai"
42,Knotty Yard,"Continental, Chinese, Finger Food, Beverages, Desserts",4.3,"₹1,500 for two","Powai, Mumbai"
43,Tori,"Asian, Japanese, Thai, Spanish, Peruvian, Mexican",3.9,"₹1,800 for two","Khar, Mumbai"
44,MH04 The Drunk Yard,"North Indian, Continental, Pizza, Fast Food, Chinese, Beverages",4.3,"₹1,500 for two","Manpada, Thane West, Thane"
45,1 BHK - Brew House Kitchen,"Italian, Pizza, Continental, Salad, Sandwich, Desserts, Beverages",4.4,"₹1,600 for two","Oshiwara, Andheri West, Mumbai"
46,The Little Easy,"American, Finger Food, Italian, Pizza, Kebab, Seafood, Beverages",4.3,"₹1,800 for two","Linking Road, Bandra West, Mumbai"
47,Trèsind,"Modern Indian, Street Food, North Indian, Beverages",4.9,"₹6,600 for two","Bandra Kurla Complex, Mumbai"
48,Pa Pa Ya,"Sushi, Asian, Chinese, Thai, Japanese, Malaysian, Momos, Beverages",4.6,"₹2,500 for two","Bandra Kurla Complex, Mumbai"
49,Dome,"Japanese, Sushi, Pizza, North Indian, Asian",4.4,"₹3,500 for two","InterContinental, Churchgate, Mumbai"
50,The Bombay Cartel,"Continental, Chinese, North Indian, Fast Food, Finger Food, Beverages",3.9,"₹1,600 for two","Kamala Mills Compound, Mumbai"
51,The Bombay Canteen,"Modern Indian, Bar Food, Beverages",4.7,"₹2,000 for two","Kamala Mills Compound, Mumbai"
52,Barrel & Co.,"Continental, Chinese, North Indian, Beverages",4.1,"₹2,500 for two","Veera Desai Area, Mumbai"
53,The Butler And The Bayleaf,"North Indian, Awadhi, Kebab, Lucknowi",4.5,"₹2,000 for two","Hotel King's International, Juhu, Mumbai"
54,The Goose & Gridiron,"European, Continental, North Indian, Desserts, Fast Food",4.0,"₹1,500 for two","Fort, Mumbai"
55,Hard Rock Cafe,"American, Continental, Italian, Salad, Beverages, Shake",3.9,"₹1,500 for two","Seawoods Grand Central Mall, Seawoods, Navi Mumbai"
56,Recca,"Continental, Seafood, Pizza, Healthy Food, Mediterranean, Beverages, Desserts",3.8,"₹2,400 for two","Fort, Mumbai"
57,Mia Cuccinna,"Continental, European, Italian, Panini, Pizza, Salad, Desserts",4.2,"₹2,000 for two","Hill Road, Bandra West, Mumbai"
58,The Bigg Small Cafe + Bar,"Fast Food, Modern Indian, Chinese, Continental, North Indian, Desserts, Beverages",4.4,"₹1,300 for two","Sakinaka, Mumbai"
59,Nho Saigon,"Vietnamese, Asian, Finger Food, Beverages",4.2,"₹1,500 for two","Jet Airways Godrej, Bandra Kurla Complex, Mumbai"
60,Same Place Same Time - Hog & Chug,"Italian, Asian, Continental, Modern Indian, Fast Food, North Indian, Beverages",4.3,"₹1,800 for two","Andheri Lokhandwala, Andheri West, Mumbai"
61,Rude Lounge,"North Indian, Italian, Chinese, Continental, BBQ",4.2,"₹1,600 for two","Powai, Mumbai"
62,Doolally Taproom,"Finger Food, American, Italian, Beverages, Fast Food",4.7,"₹2,200 for two","Veera Desai Area, Mumbai"
63,Level 1 - Bet Bar,"Finger Food, Japanese, American, Italian, Asian",4.2,"₹1,600 for two","Andheri Lokhandwala, Andheri West, Mumbai"
64,Rule 34,"North Indian, Chinese, Continental, Beverages",4.2,"₹1,400 for two","Kandivali West, Mumbai"
65,Dirty Martini - Kitchen & Cocktail Bar,"Italian, European, Pizza, Pasta, Continental, Chinese, Thai",3.9,"₹1,800 for two","Reclamation, Bandra West, Mumbai"
66,Younion,"Finger Food, Finger Food, Continental, European, Chinese, North Indian",4.2,"₹1,800 for two","Kamala Mills Compound, Mumbai"
67,Samvene - The Bagel Cafe,"Cafe, Salad, Continental, Fast Food, Desserts, Beverages, Shake",4.3,₹900 for two,"Malad West, Mumbai"
68,Raasta,"Continental, Seafood, Italian, Finger Food, Fast Food",4.3,"₹1,500 for two","Khar, Mumbai"
69,Jamjar Diner,"Italian, Mexican, Healthy Food, Finger Food, Pizza, Beverages",4.3,"₹1,600 for two","Hill Road, Bandra West, Mumbai"
70,The Daily All Day Mumbai,"Mediterranean, Italian, European, Beverages",4.4,"₹2,000 for two","Linking Road, Bandra West, Mumbai"
71,Warehouse Kitchenbar,"North Indian, Mughlai, Asian, Chinese, Continental, Desserts, Beverages, Sichuan",4.4,"₹1,600 for two","Malad West, Mumbai"
72,Cavalry The Lounge,"North Indian, Chinese, Beverages, Fast Food, Desserts",4.3,"₹1,800 for two","Powai, Mumbai"
73,Cafe Panama,"Mexican, European, Desserts, Beverages",3.5,"₹2,000 for two","Lower Parel, Mumbai"
74,Nxt Lvl,"North Indian, Continental, Bar Food",4.1,"₹1,500 for two","Wagle Estate, Thane West, Thane"
75,Leopold Cafe & Bar,"North Indian, Chinese, Continental, Beverages, Desserts",4.2,"₹2,000 for two","Colaba, Mumbai"
76,The Tanjore Tiffin Room,"Chettinad, South Indian, Biryani, Beverages",4.8,"₹1,500 for two","Versova, Andheri West, Mumbai"
77,Capital Social,"North Indian, Chinese, Burger, Biryani, Sandwich, Pizza, Rolls, Salad",4.4,"₹1,400 for two","Bandra Kurla Complex, Mumbai"
78,Out Of The Blue,"European, Continental, Italian, Fast Food, Beverages, Mediterranean",4.1,"₹1,800 for two","Le Sutra Hotel, Khar, Mumbai"
79,Roots Of India,"North Indian, Biryani, Chinese, Mughlai, Asian, Desserts, Beverages",4.3,"₹1,800 for two","Times Square, Marol, Mumbai"
80,JLWA,"Modern Indian, Middle Eastern, North Indian, Mughlai, Italian",4.4,"₹2,100 for two","Veera Desai Area, Mumbai"
81,Kaala Chashma,"North Indian, Asian, Italian, Desserts, Seafood, Beverages, Thai",4.4,"₹1,000 for two","Wagle Estate, Thane West, Thane"
82,Angrezi Dhaba,"North Indian, Mughlai, Asian, Kebab, Seafood, Desserts, Beverages, Sichuan",4.3,"₹1,000 for two","Linking Road, Bandra West, Mumbai"
83,Bayroute,"Middle Eastern, Arabian",4.9,"₹3,000 for two","Powai, Mumbai"
84,Bar Tales,"Bar Food, Continental, Lebanese, Pizza, Pasta, North Indian, Desserts",4.2,"₹1,500 for two","Mulund West, Mumbai"
85,Chili's American Grill & Bar,"American, Mexican, Burger, Tex-Mex",4.3,"₹1,600 for two","Powai, Mumbai"
86,The Timess Square,"Fast Food, Continental, Chinese, North Indian, Beverages, Desserts",4.4,"₹1,500 for two","Borivali West, Mumbai"
87,Cafe Mondegar,"Continental, North Indian, Mughlai, Chinese, Fast Food, Beverages",4.4,"₹1,300 for two","Colaba, Mumbai"
88,Toast & Tonic,"Asian, Continental, Desserts, Fast Food",4.5,"₹1,700 for two","Jet Airways Godrej, Bandra Kurla Complex, Mumbai"
89,The Union Bar & Eating House,"North Indian, European, Asian, Chinese, Finger Food",4.7,"₹1,400 for two","Vashi, Navi Mumbai"
90,The Homemade Cafe & Bar,"Cafe, Italian, Continental, Beverages, Shake, Pizza, Pasta, Desserts",4.2,"₹1,200 for two","Juhu, Mumbai"
91,The Fusion Kitchen,"Continental, Mexican, Italian, Thai, Asian, Desserts, Beverages",4.9,"₹1,600 for two","Borivali West, Mumbai"
92,Bombay Adda,"Bar Food, Continental",4.3,"₹2,000 for two","Santacruz West, Mumbai"
93,Lord Of Bar- B-Que,"North Indian, Chinese, Beverages, Desserts",4.4,"₹1,600 for two","Khopat, Thane West, Thane"
94,Gadda Da Vida - Novotel Mumbai Juhu Beach,"Continental, Fast Food, Seafood",4.3,"₹4,500 for two","Novotel, Juhu, Mumbai"
95,Hoppipola,"Continental, Mediterranean, Fast Food",4.2,"₹1,400 for two","Infiniti Mall, Malad West, Mumbai"
96,Bora Bora,"Continental, Chinese, North Indian",4.0,"₹1,800 for two","Juhu, Mumbai"
97,True Tramm Trunk,"Finger Food, Fast Food, Continental, Beverages, Desserts, North Indian, Pizza",4.0,"₹1,900 for two","Bandra Kurla Complex, Mumbai"
98,Light House Cafe,"Continental, Italian, Pizza, Desserts, Beverages",4.1,"₹1,800 for two","Worli, Mumbai"
99,The Secret,"Asian, Chinese, North Indian, Italian, Continental, Beverages, Desserts",4.1,"₹2,000 for two","Manpada, Thane West, Thane"
100,La La Land,"Modern Indian, Italian",3.2,"₹1,500 for two","Atria Mall, Worli, Mumbai"
101,Mato Mato,"North Indian, Chinese, Continental, Italian",4.2,"₹1,500 for two","Hiranandani Estate, Thane West, Thane"
102,Mockingbird Cafe Bar,"Italian, French, Salad, Desserts, Beverages, Shake",4.4,"₹1,700 for two","Churchgate, Mumbai"
103,Phelia Lounge,"Italian, North Indian, Chinese, Fast Food, Shake",4.2,"₹2,400 for two","Malad West, Mumbai"
104,Farzi Cafe,"North Indian, Mughlai",4.3,"₹1,800 for two","High Street Phoenix, Lower Parel, Mumbai"
105,Flamiingo Lounge,"Bar Food, Oriental, Continental, North Indian, Pizza, Salad, Desserts, Beverages",4.2,"₹1,100 for two","CBD-Belapur, Navi Mumbai"
106,Mastee,"North Indian, Sushi, Italian, Desserts",4.3,"₹2,000 for two","Borivali West, Mumbai"
107,Callisto Bistro Bar,"North Indian, Chinese, Italian, Seafood",4.4,"₹1,400 for two","Borivali West, Mumbai"
108,Toast - Bistro & Bar,"North Indian, Chinese, Fast Food, Pizza, Burger, Continental",4.4,"₹1,900 for two","T24 Residency, Marol, Mumbai"
109,Yeda Republic,"Finger Food, North Indian",4.3,"₹2,300 for two","Juhu, Mumbai"
110,Copper Chimney,"North Indian, Mughlai, Rolls",4.3,"₹1,300 for two","Worli, Mumbai"
111,Salt Water Cafe,"Italian, Pasta, Burger, Salad, Sandwich, Healthy Food, Desserts, Beverages",4.4,"₹1,600 for two","Bandstand, Bandra West, Mumbai"
112,BrewDog Mid-Town Mumbai,"Finger Food, Street Food, Continental, Desserts, Beverages",4.0,"₹1,500 for two","Kamala Mills Compound, Mumbai"
113,Coconuts Lagoon,"Seafood, Mangalorean, Malwani, North Indian, Chinese, Finger Food, Beverages",4.2,₹900 for two,"Manpada, Thane West, Thane"
114,R Hapi Brewing Co,"North Indian, Chinese, Mughlai, Biryani",3.6,"₹1,200 for two","Mira Road, Mumbai"
115,Amanzi Sky Deck And Bar,"Continental, North Indian, Pizza, Fast Food, Desserts, Beverages",4.1,"₹1,000 for two","Hill Road, Bandra West, Mumbai"
116,The Orange Mint,"Bar Food, North Indian, Chinese, Beverages",4.1,"₹1,600 for two","Vashi, Navi Mumbai"
117,Gold Coins Veg X,"North Indian, Continental, Chinese, Italian, Mughlai, Beverages",4.3,"₹1,600 for two","Tardeo, Mumbai"
118,The Atrangii House,"North Indian, Chinese, Finger Food, Asian, Italian, Desserts",4.4,"₹1,500 for two","Airoli, Navi Mumbai"
119,U Turn,"North Indian, Chinese, Continental",4.1,"₹1,400 for two","Khar, Mumbai"
120,Club Bombay at Sheesha Sky Lounge,"North Indian, Chinese, Mughlai, Kebab, Beverages, Fast Food, Continental, Bar Food",4.2,"₹1,500 for two","Juhu, Mumbai"
121,PizzaExpress,"Pizza, Fast Food, Italian, Desserts, Beverages",4.4,"₹1,500 for two","Veera Desai Area, Mumbai"
122,MRP - My Regular Place,"Asian, North Indian, Continental",4.1,"₹1,500 for two","Dadar East, Mumbai"
123,Cafe Holiday,"Continental, Oriental, American, Fast Food, Desserts, Beverages",4.0,"₹1,500 for two","7 Bungalows, Andheri West, Mumbai"
124,It's Mirchi - Ramee Guestline Hotel,"Continental, North Indian, Oriental, Fast Food, Desserts, Beverages",4.1,"₹1,500 for two","Ramee Guestline Hotel, Juhu, Mumbai"
125,TAP,"North Indian, Chinese, Continental, Mexican, Italian, Finger Food, Beverages",4.2,"₹1,500 for two","Times Square, Marol, Mumbai"
126,Finch BrewCafe,"Continental, North Indian, Beverages",4.2,"₹1,200 for two","Powai, Mumbai"
127,Mangii Ferra,"Italian, Continental, Desserts",4.2,"₹2,300 for two","Juhu, Mumbai"
128,18th Century Rooftop Restro & Bar,"North Indian, Continental, Fast Food, Mughlai, Desserts, Beverages",4.5,"₹2,200 for two","Andheri Lokhandwala, Andheri West, Mumbai"
129,Effingut,"Mexican, Continental, North Indian",3.7,"₹2,300 for two","Veera Desai Area, Mumbai"
130,Sirocco,"Italian, Chinese, Fast Food",4.2,"₹1,200 for two","Versova, Andheri West, Mumbai"
131,Pop Tate's,"Chinese, Continental, Fast Food, Italian, Beverages, Finger Food, Desserts",4.3,"₹1,600 for two","Kamala Mills Compound, Mumbai"
132,Taste Of Punjab,"North Indian, Chinese, Fast Food, Pizza, Pasta, Finger Food, Desserts",4.2,"₹1,400 for two","Satra Plaza, Vashi, Navi Mumbai"
133,Tiger Tiger,"Italian, North Indian, Bar Food, Continental, Chinese, Mexican",4.1,"₹1,000 for two","Chembur, Mumbai"
134,Malhar Tribes,"Seafood, Biryani, Goan, Chinese, North Indian, Maharashtrian",4.5,"₹1,600 for two","Marol, Mumbai"
135,Chimichurri,"Finger Food, Japanese, Asian, Beverages, Cantonese, Thai",4.3,"₹1,700 for two","Times Square, Marol, Mumbai"
136,Paps Premium Lounge,"North Indian, Chinese, Bar Food, Beverages, Fast Food",4.1,"₹1,800 for two","Ghodbunder Road, Thane"
137,Doolally Taproom,"Finger Food, American, Italian, Burmese, Fast Food, Beverages, Shake",4.4,"₹2,400 for two","Khar, Mumbai"
138,XOYO - Bar & Club,"North Indian, Continental, Asian, Bar Food",4.1,"₹2,600 for two","Khopat, Thane West, Thane"
139,Amethhyyst XCI,"Italian, Continental, Arabian, Finger Food, Modern Indian, Asian, Desserts",3.7,"₹2,000 for two","Breach Candy, Mumbai"
140,Mia Cucina,"Italian, Pizza, Seafood, Continental, Beverages, Salad, Pasta, Shake",4.3,"₹2,000 for two","Powai, Mumbai"
141,Mia Cucina,"Italian, Pizza, Seafood, Continental, Beverages, Salad, Pasta, Shake",4.3,"₹2,000 for two","Powai, Mumbai"
142,SodaBottleOpenerWala,"Parsi, North Indian, Rolls, Street Food, Desserts, Beverages",4.3,"₹1,300 for two","Bandra Kurla Complex, Mumbai"
143,VICE-Global Tapas Bar,"North Indian, Asian, European",4.0,"₹1,800 for two","Hotel King's International, Juhu, Mumbai"
144,South Bombay Bar,"Modern Indian, Italian, Continental, Finger Food, North Indian",4.2,"₹2,000 for two","Atria Mall, Worli, Mumbai"
145,Trumpet Sky Lounge,"North Indian, Chinese, Mughlai, Desserts",4.3,"₹2,000 for two","Andheri Lokhandwala, Andheri West, Mumbai"
146,Karkhaana 602,"North Indian, Chinese, Mughlai, Maharashtrian",3.9,"₹1,000 for two","Panch Pakhadi, Thane West, Thane"
147,Gurukripa,"North Indian, Mughlai, Chinese, Fast Food, Desserts, Beverages, Kebab",4.2,"₹1,400 for two","Powai, Mumbai"
148,Cafe24 Restobar,"Chinese, North Indian, Fast Food, Beverages, Continental, Italian",4.2,"₹1,800 for two","Vile Parle East, Mumbai"
149,East Asia - Indian | Asian | Continental,"Asian, Chinese, North Indian, Sushi, Continental, Pizza, Pasta",4.4,"₹1,200 for two","Borivali West, Mumbai"
150,Harbour O' Four,"North Indian, Chinese, Italian, Continental",4.3,"₹1,500 for two","Panch Pakhadi, Thane West, Thane"
151,Escobar - Tapas Bar,"Japanese, Sushi, Asian, Chinese, Seafood, Pizza, Kebab, BBQ",4.1,"₹2,500 for two","Linking Road, Bandra West, Mumbai"
152,Mumbai Menu,"North Indian, Chinese, Seafood, Kebab, Mughlai",4.1,"₹1,400 for two","Mira Road, Mumbai"
153,Plum by Bent Chair,"Asian, Sushi, Desserts",4.6,"₹2,500 for two","Worli, Mumbai"
154,The Garrison Bistro,"Continental, North Indian, Pizza, Modern Indian, Finger Food",4.2,"₹2,000 for two","Jogeshwari, Mumbai"
155,Esora,"Sushi, Asian, Italian, Healthy Food",4.3,"₹1,400 for two","Goregaon East, Mumbai"
156,Open Your Soda Bottle,"Chinese, Continental, North Indian, Italian, Beverages",4.1,₹800 for two,"Malad West, Mumbai"
157,Indiana Water's,"Chinese, North Indian, Mughlai, Desserts, Seafood",4.4,"₹1,200 for two","Seawoods Grand Central Mall, Seawoods, Navi Mumbai"
158,The Terrace,"Chinese, Fast Food, Seafood, Desserts, Beverages",4.0,"₹1,400 for two","Juhu, Mumbai"
159,Hangout Lounge & Restro Bar,"Mughlai, North Indian, Chinese",3.9,"₹1,500 for two","Bhayandar, Mumbai"
160,Rodeo Drive - Peninsula Redpine,"American, Fast Food, Beverages, Mexican",4.2,"₹1,800 for two","Peninsula Redpine, Marol, Mumbai"
161,Bombay Cocktail Bar,"North Indian, Chinese, Fast Food, Bar Food, Kebab",4.3,"₹2,500 for two","Andheri Lokhandwala, Andheri West, Mumbai"
162,Buddy's Bar And Canteen,"Fast Food, Chinese, Desserts, Beverages, Finger Food",3.8,₹800 for two,"Malad West, Mumbai"
163,The Bohemia Cafe & Bar,"Italian, Fast Food, Chinese, North Indian, Maharashtrian, Desserts, Beverages",4.0,"₹1,100 for two","CBD-Belapur, Navi Mumbai"
164,Gateway Taproom,"American, Seafood, Continental",4.6,"₹2,300 for two","Jet Airways Godrej, Bandra Kurla Complex, Mumbai"
165,Invincible Boudoir & Jardin,"Bar Food, Asian, Mediterranean, Continental, Beverages",4.1,"₹2,000 for two","Hill Road, Bandra West, Mumbai"
166,Oozo,"Chinese, Italian, Continental, North Indian, Finger Food",4.0,"₹1,800 for two","Sakinaka, Mumbai"
167,Farmhouse Global Cuisine Restaurant,"North Indian, Chinese, Seafood, Fast Food",4.3,"₹1,000 for two","Vasai, Mumbai"
168,Glass House,Finger Food,3.1,"₹2,200 for two","Malad West, Mumbai"
169,Craftbar 2.0,"Bar Food, North Indian, Seafood, Pizza, Continental, Turkish, Desserts, Beverages",4.2,"₹1,800 for two","Chakala, Mumbai"
170,Gymkhana 91 Bar & Kitchen,"North Indian, Japanese, Thai, Burmese, Chinese, Beverages",4.4,"₹1,300 for two","Lower Parel, Mumbai"
171,The Bar Stock Exchange,"Continental, Chinese, North Indian, Bar Food, Pizza, Momos, Desserts, Beverages",4.1,"₹1,300 for two","CBD-Belapur, Navi Mumbai"
172,Dario's,"Italian, Pizza, Salad, Beverages",4.0,"₹1,800 for two","Vashi, Navi Mumbai"
173,Blend N Brew,"North Indian, Chinese, Fast Food, Desserts, Beverages",3.9,"₹1,800 for two","Yogi Midtown, Turbhe, Navi Mumbai"
174,Bombay Drunkyard,"North Indian, Chinese, Continental, Italian, Sichuan",3.8,"₹1,600 for two","Juhu, Mumbai"
175,The Sassy Spoon,"European, Continental, American, Italian, Healthy Food, Asian, Mediterranean, Desserts",4.5,"₹2,000 for two","Nariman Point, Mumbai"
176,Pot Pourri,"Fast Food, Chinese, North Indian",3.8,₹600 for two,"Ghansoli, Navi Mumbai"
177,Splitsvilla Bar & Lounge,"North Indian, Continental",4.0,"₹1,400 for two","Chembur, Mumbai"
178,Breathe,"North Indian, Chinese, Continental, Finger Food",4.2,"₹1,700 for two","Mira Road, Mumbai"
179,The Lantern Bar At Kandeel,"North Indian, Chinese, Mughlai, Seafood, Kebab, Italian, Fast Food, Beverages",4.1,"₹1,200 for two","Fort, Mumbai"
180,The C Cabo Cruise,"North Indian, Pizza, Chinese, Mughlai, Fast Food",3.8,"₹1,000 for two","Owale, Thane West, Thane"
181,Spin City Kitchen & Bar,"Continental, Asian, Biryani, Mughlai, North Indian, Desserts",4.1,"₹1,800 for two","Borivali West, Mumbai"
182,3 Barmen,"Salad, Continental, North Indian, Chinese",3.8,"₹1,000 for two","Malad West, Mumbai"
183,Toco,"South Indian, Italian",4.0,"₹1,600 for two","Andheri Lokhandwala, Andheri West, Mumbai"
184,Pritam's Global Cuisine,"North Indian, Biryani, Chinese, Desserts, Mughlai, Asian, Continental, European",4.1,"₹1,000 for two","Ghodbunder Road, Thane"
185,Olive Bistro,"Italian, Pizza, Fast Food, Continental",4.1,"₹2,300 for two","Oberoi Mall, Goregaon East, Mumbai"
186,Agent Jack's Bar,"Continental, Chinese, North Indian, Italian, Fast Food, Biryani",3.5,₹900 for two,"Borivali West, Mumbai"
187,Genuine Broaster Chicken,"American, Italian, North Indian, Kebab, Biryani, Fast Food",4.3,"₹1,500 for two","Satra Plaza, Vashi, Navi Mumbai"
188,Bombay 49 Kitchen & Bar,"North Indian, Chinese, Mexican, Italian, Shake",3.6,"₹2,100 for two","Juhu, Mumbai"
189,The Irish House,"European, American, Continental, BBQ, Finger Food, Desserts, Beverages",4.4,"₹1,900 for two","Bandra Kurla Complex, Mumbai"
190,Bulldog's Cafe & Bar,"American, Burger, Bar Food, Beverages, Tea, Sandwich, Pizza, Fast Food",3.9,"₹1,000 for two","Veera Desai Area, Mumbai"
191,Something's Fishy - Regenza By Tunga,"Seafood, North Indian, Goan, Italian, Malwani, Mangalorean, Chinese",4.4,"₹1,700 for two","Regenza By Tunga Hotels, Vashi, Navi Mumbai"
192,Hammer & Song,"Asian, Continental, Modern Indian, European, Rolls, Finger Food",4.2,"₹2,000 for two","Cuffe Parade, Mumbai"
193,Shor- The Disc,"Continental, Italian, Asian, Biryani",4.1,"₹1,400 for two","CBD-Belapur, Navi Mumbai"
194,Ooh Pitara - Bar & Kitchen,"Bar Food, Beverages",3.9,₹500 for two,"Sanpada, Navi Mumbai"
195,Farmhouse Sea N Sand,"North Indian, Continental, Chinese",4.4,"₹1,100 for two","Vasai, Mumbai"
196,Bar Bank,"North Indian, Chinese, Continental, Italian",3.9,"₹1,300 for two","Bar Bank, Juhu, Mumbai"
197,Dola Kitchen & Bar,"North Indian, Asian, Continental",4.0,₹850 for two,"Sakinaka, Mumbai"
198,Alfredo's,"Pizza, Mediterranean, Continental, Oriental, Fast Food",4.1,"₹1,700 for two","Malad West, Mumbai"
199,Geoffrey's - Marine Plaza,"Continental, Italian, Pizza, Desserts, Beverages",4.1,"₹2,000 for two","Marine Plaza, Marine Lines, Mumbai"
200,LA CASA - The Lounge,"Chinese, North Indian, Continental, Finger Food, Pizza, Beverages",3.9,"₹1,100 for two","Mira Road, Mumbai"
201,Sudama- Dining Bar,"North Indian, Chinese, Continental, South Indian, Mughlai, Malwani, Desserts",4.2,₹900 for two,"Ambernath, Thane"
202,Hardeep Punjab,"North Indian, Mughlai, Kebab, Chinese, Biryani, Beverages",4.4,"₹1,200 for two","Sion, Mumbai"
203,Port,"Italian, Fast Food, Beverages",4.0,₹800 for two,"Mahalaxmi, Mumbai"
204,Woodside Inn,"Continental, Italian, Burger, Salad, Healthy Food, Shake",4.3,"₹1,800 for two","Oshiwara, Andheri West, Mumbai"
205,BOMB’AR,"Continental, North Indian",4.1,"₹1,300 for two","Goregaon West, Mumbai"
206,Asilo - The St. Regis Mumbai,"European, Asian, Italian, Continental",4.4,"₹5,000 for two","The St. Regis, Lower Parel, Mumbai"
207,Glocal Junction,"North Indian, Italian, Finger Food, Biryani, Desserts, Beverages",4.5,"₹1,500 for two","Worli, Mumbai"
208,Quesso Ristorante,"Continental, Mexican, Italian, Mediterranean, Thai, Desserts",4.6,"₹1,700 for two","Oshiwara, Andheri West, Mumbai"
209,Drinx Exchange,"American, Chinese, Mexican",4.1,"₹1,500 for two","Growel's 101 Mall, Kandivali East, Mumbai"
210,Blend Kitchen And Bar,"Continental, Bar Food, Desserts, Beverages, Italian",3.6,"₹1,200 for two","Vile Parle East, Mumbai"
211,Knock Knock Eatery & Bar,"Bar Food, Continental, Chinese, Italian, Modern Indian, North Indian",4.2,"₹1,500 for two","Hiranandani Estate, Thane West, Thane"
212,Tunak Tunak Tunn,"North Indian, Chinese, Bar Food, Kebab",4.2,"₹1,100 for two","Mulund West, Mumbai"
213,Spirit Kitchen And Bar,"Chinese, North Indian, Seafood, Mughlai, Finger Food",3.9,₹700 for two,"Borivali West, Mumbai"
214,Sporticos,"North Indian, Chinese, Continental",3.9,"₹3,000 for two","CBD-Belapur, Navi Mumbai"
215,Pablo The Art Cafe Lounge,"Modern Indian, Seafood, European, Continental, Desserts",4.0,"₹1,600 for two","Turbhe, Navi Mumbai"
216,Grandmama's Cafe,"Cafe, Italian, Continental, American, Desserts, Beverages",4.3,₹700 for two,"Kemps Corner, Mumbai"
217,Pickle & Pint - The Paradise By Tunga,"North Indian, Chinese, Continental, Seafood, Shake",4.2,"₹1,400 for two","The Paradise By Tunga, Mahakali, Mumbai"
218,Made In Punjab,"North Indian, Mughlai",4.2,"₹2,000 for two","Inorbit Mall, Malad West, Mumbai"
219,Rainforest Resto-Bar,"Chinese, North Indian, Seafood, Oriental, Biryani, Desserts, Beverages",4.0,"₹2,000 for two","R City Mall, Ghatkopar West, Mumbai"
220,British Brewing Company,"British, Italian, Burger, Continental, European, Pizza, Salad, Beverages",4.3,"₹2,000 for two","Oberoi Mall, Goregaon East, Mumbai"
221,The Golden Jackal,"North Indian, Chinese, Continental, Italian, Middle Eastern",3.4,"₹1,200 for two","Viviana Mall, Majiwada, Thane West, Thane"
222,3 Wise Monkeys,"Chinese, Thai, Italian, Continental",4.0,"₹1,500 for two","Khar, Mumbai"
223,Back 2 Door 1,"Bar Food, Fast Food, North Indian, Chinese",4.2,"₹1,500 for two","Reclamation, Bandra West, Mumbai"
224,The Studs Sports Bar & Grill,"Continental, North Indian, Asian, Tex-Mex, Burger",3.8,"₹1,600 for two","Inorbit Mall, Vashi, Navi Mumbai"
225,Drifters Tap Station,"Continental, North Indian, Chinese, Beverages",4.3,"₹2,000 for two","Linking Road, Bandra West, Mumbai"
226,Bling By The Hill Green,"North Indian, Mexican, Italian, Mughlai, Chinese, Biryani, Desserts, Fast Food",4.0,"₹2,100 for two","Bhandup, Mumbai"
227,Cafe Free India,"Continental, Asian, North Indian, Fast Food, Sandwich, Pizza, Chinese, Beverages",4.1,"₹1,500 for two","Lower Parel, Mumbai"
228,Bombay Brasserie,"Modern Indian, Bar Food, Beverages",4.3,"₹1,500 for two","Worli, Mumbai"
229,Lume Restaurant & Bar,"North Indian, Continental, Sandwich, Pizza, Fast Food, Desserts, Beverages",3.9,"₹1,200 for two","Aureole Hotel, Andheri East, Mumbai"
230,Rude Lounge,"North Indian, Finger Food, Chinese, Italian, Beverages, Bar Food",4.1,"₹1,500 for two","Vashi, Navi Mumbai"
231,Amethhyyst,"Continental, Finger Food, Modern Indian, North Indian",4.0,"₹2,600 for two","Veera Desai Area, Mumbai"
232,The Stables - Peninsula Redpine,"North Indian, Continental, Chinese, Desserts, Fast Food",4.3,"₹1,500 for two","Peninsula Redpine, Marol, Mumbai"
233,Mirchi & Mime,"North Indian, Mughlai, Desserts, Biryani, Beverages",4.9,"₹1,800 for two","Powai, Mumbai"
234,Nidhi Family Restaurant And Bar,"North Indian, Chinese, Mughlai, Biryani, Sichuan",3.7,₹850 for two,"Badlapur, Thane"
235,Cult Lounge,"Continental, Chinese, Fast Food, Beverages, North Indian",4.0,"₹1,500 for two","Vashi, Navi Mumbai"
236,Zenmai,"Asian, Japanese, Chinese, Thai, Beverages",4.1,"₹2,400 for two","Santacruz West, Mumbai"
237,Vasai Republic,"North Indian, Continental, Chinese, Fast Food, Finger Food, Shake",3.8,"₹1,000 for two","Vasai, Mumbai"
238,The Road House,"North Indian, Chinese, Mughlai, Pizza, Pasta, Fast Food",4.2,"₹1,700 for two","Boulevard Mall, Majiwada, Thane West, Thane"
239,Farmhouse Garden Family Restaurant & Bar,"Continental, Seafood, Italian, North Indian, Chinese, Thai, Desserts, Beverages",4.3,"₹1,200 for two","Vasai, Mumbai"
240,Boulevard - The Orchid,"North Indian, Fast Food, Desserts",4.4,"₹2,600 for two","The Orchid, Vile Parle East, Mumbai"
241,Brasserie 1935 Kitchen & Bar,"North Indian, Chinese, Asian, Continental, Desserts, Shake",3.9,"₹1,300 for two","Sion, Mumbai"
242,Dragonfly Experience,"Asian, European, Beverages",4.2,"₹2,000 for two","The Orb, Marol, Mumbai"
243,Otium Rooftop Lounge,Finger Food,3.7,"₹2,500 for two","Andheri Lokhandwala, Andheri West, Mumbai"
244,Kosmic Sea Lounge,"North Indian, Chinese",3.0,"₹2,000 for two","Borivali West, Mumbai"
245,Chenab,"North Indian, Mughlai, Biryani, Beverages",4.1,"₹1,200 for two","Vashi, Navi Mumbai"
246,Urban Tadka,"North Indian, Mughlai, Kebab, Biryani, Beverages, Finger Food",4.2,"₹1,600 for two","Malad West, Mumbai"
247,Matahaari,"Continental, Mediterranean, American, Italian, Chinese, Japanese, Finger Food, Asian",3.7,"₹3,000 for two","Atria Mall, Worli, Mumbai"
248,Cafe Delhi Heights,"Continental, Italian, Seafood, North Indian, Beverages",4.2,"₹2,000 for two","High Street Phoenix, Lower Parel, Mumbai"
249,City Forestt Family Restaurant & Bar,"North Indian, Chinese, Biryani, Street Food, Fast Food, Beverages",4.2,"₹1,400 for two","Upvan, Thane West, Thane"
250,Tankstelle Bistro,"North Indian, Chinese",3.9,"₹1,300 for two","Dombivali East, Thane"
251,90 Ft Above,"Bar Food, Italian, Asian, Chinese, Thai, North Indian, Continental, Beverages",4.0,"₹1,600 for two","Borivali West, Mumbai"
252,Global Binge By Ashraya Nx,"North Indian, Chinese, Italian",4.2,"₹1,200 for two","Virar, Mumbai"
253,Vividh NX Bar & Cafe,"North Indian, Italian, Continental",4.0,"₹1,700 for two","Kandivali East, Mumbai"
254,Sazio Luxury Dining,"North Indian, Mughlai, Oriental, Continental, Fast Food, Desserts, Beverages",3.9,"₹1,100 for two","Sanpada, Navi Mumbai"
255,Tight,"Chinese, Continental",4.1,"₹1,500 for two","Inorbit Mall, Vashi, Navi Mumbai"
256,Quarter Pillar,"Chinese, North Indian, Bar Food",4.0,"₹1,500 for two","Khar, Mumbai"
257,C2H5OH,"Chinese, Pasta, Fast Food, Beverages, Pizza, Shake, North Indian",3.6,₹900 for two,"Lower Parel, Mumbai"
258,Zaika Crave - Club Aquaria,"North Indian, Chinese, Continental, Mughlai, Biryani, Beverages, Shake",4.4,"₹1,500 for two","Borivali West, Mumbai"
259,Pre-Game,"North Indian, Chinese, Continental, Fast Food, Beverages",3.9,"₹1,400 for two","Breach Candy, Mumbai"
260,Liberty La Classique,"North Indian, Chinese",4.2,₹700 for two,"Kandivali West, Mumbai"
261,Punjab Grill,"North Indian, Mughlai, Biryani, Kebab, Desserts, Beverages",4.3,"₹1,000 for two","Palladium Mall, Lower Parel, Mumbai"
262,Prithi Restaurant & Bar,"North Indian, Chinese, Finger Food",3.4,₹650 for two,"Vashi, Navi Mumbai"
263,Little King Grand,"North Indian, Continental, Chinese",4.0,"₹1,400 for two","Mira Road, Mumbai"
264,Bukhara Bar and Kitchen,"North Indian, Chinese, Italian, Biryani, Desserts",4.1,"₹1,600 for two","Mira Road, Mumbai"
265,Marina - Harbour Bar,"North Indian, Chinese, Seafood",3.9,₹800 for two,"Vasai, Mumbai"
266,Maratha County Wine & Dine,"North Indian, Chinese, Continental, Beverages",3.8,₹800 for two,"Vasant Vihar, Thane West, Thane"
267,Fly High,"Continental, Asian, Mughlai",4.0,"₹1,600 for two","Seawoods Grand Central Mall, Seawoods, Navi Mumbai"
268,The Happiness Factory,"North Indian, Maharashtrian, Chinese, Fast Food, Beverages",3.8,"₹1,400 for two","Dahisar East, Mumbai"
269,The Big Owl,"North Indian, Mughlai, Chinese, Continental",4.0,"₹1,500 for two","Santacruz East, Mumbai"
270,36 Downtown Restobar,"North Indian, Chinese, Thai",4.2,"₹1,600 for two","Kemps Corner, Mumbai"
271,The DanSing Bottle,"North Indian, Chinese, Fast Food",4.1,"₹1,800 for two","Manpada, Thane West, Thane"
272,China Bistro,"Chinese, Asian, Oriental, Sushi, Thai, Japanese, Seafood, Desserts",4.5,"₹2,000 for two","Chembur, Mumbai"
273,Long & Short - InterContinental,"American, Continental, Italian, North Indian, Fast Food",4.1,"₹3,000 for two","InterContinental, Churchgate, Mumbai"
274,Veza Lounge & Bar,"Asian, North Indian, Italian",3.8,"₹1,600 for two","Vashi, Navi Mumbai"
275,Monkey Bar,"Pizza, Burger, Continental, Chinese, Fast Food, Beverages",4.3,"₹1,900 for two","Linking Road, Bandra West, Mumbai"
276,Blue Ocean,"North Indian, Chinese, Malwani, Biryani, Seafood",3.9,₹750 for two,"Khopat, Thane West, Thane"
277,Ikka - Pallavi Avida,"North Indian, Chinese, Fast Food",4.3,"₹1,200 for two","Pallavi Avida, Kalamboli, Navi Mumbai"
278,Terra Speakeasy,"Bar Food, Beverages",3.7,"₹1,500 for two","Pali Hill, Bandra West, Mumbai"
279,HYDE,"North Indian, Modern Indian, Italian, Continental, Bar Food",4.2,"₹1,500 for two","Fort, Mumbai"
280,PentHouzz,"Chinese, North Indian, Fast Food, Finger Food, Italian, Beverages",3.7,"₹1,300 for two","Kandivali East, Mumbai"
281,Sosho - Kitchen & Bar,"Chinese, North Indian, Continental",3.8,₹800 for two,"Marol, Mumbai"
282,Ministry Of Crab,"Seafood, Beverages, Kerala, Desserts",4.1,"₹3,000 for two","Khar, Mumbai"
283,Beyond- Wine & Dine,"North Indian, Continental, Italian, Fast Food, Mexican, Desserts, Finger Food",4.2,"₹1,800 for two","Malad West, Mumbai"
284,Mugshot Kitchen & Bar,"North Indian, Chinese, Seafood",3.5,₹850 for two,"Kandivali East, Mumbai"
285,Café Popo,"North Indian, Chinese, Bar Food, Seafood, Italian, Mughlai, Asian, Parsi",3.4,"₹1,600 for two","Near Andheri West Station, Mumbai"
286,Jade Raven Multi Cuisine Restaurant & Bar,"Chinese, Mughlai, Continental, North Indian, Seafood, Finger Food",4.1,"₹1,000 for two","Panch Pakhadi, Thane West, Thane"
287,Thug-Lyf,"Bar Food, Chinese, American",4.1,"₹1,400 for two","Kasarvadavli, Thane West, Thane"
288,Royale Masterchef Fine Dine And Bar,"North Indian, Asian, Italian, Continental, Mughlai, Lebanese",4.3,"₹1,400 for two","Dahisar West, Mumbai"
289,Quarterdeck,"North Indian, Mughlai, Chinese, Seafood",3.9,₹800 for two,"4 Bungalows, Mumbai"
290,Tantra,"North Indian, Bar Food, Italian, Oriental, Desserts, Beverages",4.1,"₹1,500 for two","Chowpatty, Mumbai"
291,Ganesh Bar And Restaurant,"Bar Food, North Indian, Maharashtrian, Seafood",3.6,₹700 for two,"Naupada, Thane West, Thane"
292,Hangover Sports Bar,"Continental, Mexican",3.8,"₹1,400 for two","Kalyan, Thane"
293,Tight House,"Finger Food, North Indian, Chinese, Beverages",3.8,"₹1,300 for two","Borivali West, Mumbai"
294,India Bistro,"North Indian, Biryani, Kebab, Mughlai, Finger Food, Desserts",4.6,"₹1,500 for two","Chembur, Mumbai"
295,Seefah,"Japanese, Thai, Sushi, Asian, Finger Food, Beverages",4.2,"₹2,200 for two","Hill Road, Bandra West, Mumbai"
296,The Fatty Bao,"Asian, Sushi, Japanese, Chinese, Thai, Momos, Beverages",4.5,"₹2,000 for two","Linking Road, Bandra West, Mumbai"
297,Pranaam Fine Dine Bar,"North Indian, Chinese, Mughlai, Seafood, Biryani, Desserts, Beverages",3.8,"₹2,000 for two","CBD-Belapur, Navi Mumbai"
298,Shobha Restaurant & Bar,"Bar Food, North Indian, Chinese, Mughlai",3.1,"₹1,500 for two","Azad Nagar, Mumbai"
299,Beerwings,"Chinese, North Indian, Thai, Seafood, Pizza, Fast Food, Beverages, Shake",4.1,"₹1,100 for two","Castle Mill, Thane West, Thane"
300,Hotel Palace Family Restaurant & Bar,"North Indian, Chinese, Desserts, Beverages",3.6,"₹1,000 for two","Ulhasnagar, Thane"
301,Malvan Tadka,"Malwani, North Indian, Chinese, Seafood, Mughlai, Biryani, Desserts, Beverages",4.1,"₹1,300 for two","CBD-Belapur, Navi Mumbai"
302,Backyard Beer Garden,"Pizza, Chinese, North Indian, Fast Food, Pasta, Beverages",3.9,"₹1,000 for two","Mira Road, Mumbai"
303,Malabar Resto-Bar,"North Indian, Chinese, Biryani",3.6,₹800 for two,"Ambernath, Thane"
304,Indian Zing,"North Indian, Chinese, Thai",4.0,"₹1,200 for two","Boulevard Mall, Majiwada, Thane West, Thane"
305,Melting Pot,"North Indian, Mughlai, Chinese, Continental",4.1,"₹2,300 for two","Infiniti Mall, Malad West, Mumbai"
306,Desi Vibes,"North Indian, Mughlai, Chinese, Desserts, Beverages",3.9,"₹1,200 for two","Ghodbunder Road, Thane"
307,Classic Restaurant & Bar,"North Indian, Chinese, Kebab, Ice Cream, Mughlai, Biryani, Street Food",3.9,"₹1,000 for two","Sanpada, Navi Mumbai"
308,Bombay 63,"Continental, North Indian, Chinese, Asian",4.1,"₹1,700 for two","Malad East, Mumbai"
309,One Too Many - Regenza By Tunga,"North Indian, Mexican, Italian, Finger Food, Desserts, Beverages",4.3,"₹1,700 for two","Regenza By Tunga Hotels, Vashi, Navi Mumbai"
310,Casa De Reva,North Indian,3.8,"₹1,000 for two","Vasai, Mumbai"
311,Brew House Cafe,"Continental, Mediterranean, Asian, North Indian, Mexican, Fast Food",4.2,"₹1,400 for two","CBD-Belapur, Navi Mumbai"
312,B - 103,"Asian, Bar Food, Fast Food, Goan, North Indian, Sichuan",4.1,"₹1,800 for two","Borivali West, Mumbai"
313,RoadHouse 2.0,"North Indian, Chinese, Bar Food",3.9,"₹2,000 for two","Malad West, Mumbai"
314,Gokul,"North Indian, Chinese, Seafood, Bar Food, Street Food, Biryani, Desserts, Beverages",3.8,"₹1,000 for two","Colaba, Mumbai"
315,Exotica - The Tropical Retreat,"Continental, Chinese, North Indian",4.0,"₹1,200 for two","Upvan, Thane West, Thane"
316,Olivia- GCC Hotel & Club,"Chinese, North Indian, Continental, Kebab, Mughlai, Beverages",3.9,"₹1,000 for two","GCC Hotel & Club, Mira Road, Mumbai"
317,Eddies Bistro,"European, Continental, Italian",4.2,"₹2,000 for two","Pali Hill, Bandra West, Mumbai"
318,The Sahib Room & Kipling Bar - The St. Regis Mumbai,"North Indian, Mughlai, Desserts",4.6,"₹3,500 for two","The St. Regis, Lower Parel, Mumbai"
319,By the Mekong - The St. Regis Mumbai,"Chinese, Vietnamese, Thai",4.5,"₹4,500 for two","The St. Regis, Lower Parel, Mumbai"
320,Live It Up,"North Indian, Chinese, Mughlai",4.0,"₹1,000 for two","Satra Plaza, Vashi, Navi Mumbai"
321,Sai Palace Bar And Restaurant,"North Indian, Chinese, Mughlai, Fast Food",3.2,₹650 for two,"Bhayandar, Mumbai"
322,Anumati Family Restaurant & Bar,"North Indian, Kebab, Malwani, Fast Food, Finger Food",3.1,₹700 for two,"Goregaon East, Mumbai"
323,The Timess Square Lounge Bar - The Maharaja,"Continental, Italian, Seafood, Beverages",3.0,"₹1,500 for two","The Maharaja Hotel - Dahisar East, Mumbai"
324,NY Bar N Grill @ Cafe New York,"Kebab, North Indian, Chinese, Biryani, Sandwich, Fast Food, Seafood, Beverages",3.9,"₹2,100 for two","Chowpatty, Mumbai"
325,The Beer Cafe,"Finger Food, Chinese",4.0,"₹1,800 for two","Inorbit Mall, Malad West, Mumbai"
326,Tokyo Treat,"Japanese, Sushi",3.7,₹900 for two,"Lower Parel, Mumbai"
327,Konkani Haus Restaurant & Bar,"North Indian, Maharashtrian, Mughlai, Seafood, Finger Food",4.4,"₹1,200 for two","Panch Pakhadi, Thane West, Thane"
328,Ambience All Day Dining,"North Indian, Seafood, Chinese, Continental, Kebab, Biryani, Desserts",3.9,"₹1,500 for two","Kandivali East, Mumbai"
329,Fudboy Ocean Bar & Restaurant,"North Indian, Chinese, Continental, Seafood",3.9,"₹1,200 for two","Virar, Mumbai"
330,Whateverhappens,"North Indian, Chinese, Asian, Continental, Beverages",3.5,"₹1,200 for two","Vasai, Mumbai"
331,Roar,"Finger Food, Continental, Asian",4.0,"₹2,200 for two","Satra Plaza, Vashi, Navi Mumbai"
332,Social Rooftop Lounge,"Chinese, Continental, Fast Food, North Indian",4.0,"₹1,000 for two","Kalyan, Thane"
333,Winkingg Owl,"North Indian, Chinese, Continental, Beverages, Mexican, Sichuan",4.1,"₹1,600 for two","Mira Road, Mumbai"
334,Qilaa De Vashi,"Chinese, Continental, Mughlai, North Indian, Desserts, Beverages, Finger Food",4.1,"₹1,300 for two","Vashi, Navi Mumbai"
335,The Eau Bar - The Oberoi Mumbai,Finger Food,3.7,"₹2,000 for two","The Oberoi, Nariman Point, Mumbai"
336,Keiba,"Sushi, Japanese, Chinese, Asian",4.3,"₹2,000 for two","Mahalaxmi, Mumbai"
337,Vakaoo Rest-O-Bar & Lounge,"North Indian, Chinese, Continental, Finger Food, Beverages",3.8,"₹1,500 for two","Borivali West, Mumbai"
338,Husttle - Bar & Bistro,"Italian, Mexican, North Indian, Fast Food",3.9,"₹1,500 for two","Girgaum, Mumbai"
339,HEX - High Energy Xperience,"North Indian, Italian",3.8,"₹2,500 for two","Fun Republic Mall, Veera Desai Area, Mumbai"
340,Copa,"Finger Food, Pizza, Burger, Chinese",4.1,"₹1,700 for two","Juhu, Mumbai"
341,Jughead's,"Continental, Italian, Mexican, Chinese",3.8,"₹1,300 for two","Khar, Mumbai"
342,Spice It - IBIS,"Continental, North Indian, Chinese, Wraps, Desserts, Shake",3.0,"₹1,800 for two","Vile Parle East, Mumbai"
343,Pegasus Brew House,"Continental, Kebab, Chinese, Asian, Desserts, Italian",4.1,"₹1,500 for two","Vasai, Mumbai"
344,Dhamaka Cafe & Lounge Bar,"Continental, Chinese, North Indian, Fast Food, Mughlai, Kebab",3.8,"₹1,500 for two","CBD-Belapur, Navi Mumbai"
345,Dashanzi - JW Marriott Mumbai Juhu,"Chinese, Japanese",4.1,"₹3,500 for two","JW Marriott Mumbai Juhu, Juhu, Mumbai"
346,On Toes,"North Indian, Italian, Chinese, Mughlai, Sichuan",3.9,"₹1,500 for two","Juhu, Mumbai"
347,The Drawing Room & The St. Regis Bar - The St. Regis Mumbai,Finger Food,3.9,"₹4,000 for two","The St. Regis, Lower Parel, Mumbai"
348,Tsubaki - Royal Oak,"North Indian, Chinese, Finger Food, Fast Food",3.9,"₹1,500 for two","Turbhe, Navi Mumbai"
349,The Back Bencherz,"Continental, European, South American, Middle Eastern, Kebab, Sichuan, Beverages, North Indian",4.0,"₹1,800 for two","Mira Road, Mumbai"
350,R' Adda,"Continental, Chinese, Finger Food, North Indian, Thai, Seafood",4.3,"₹1,200 for two","Ramee Guestline Hotel, Juhu, Mumbai"
351,The Shack,"Chinese, Italian, North Indian, Finger Food, BBQ, Beverages",3.8,₹800 for two,"Vile Parle East, Mumbai"
352,Mantra Dining Bar,"Chinese, North Indian, Mughlai, Shake",4.3,"₹1,300 for two","Powai, Mumbai"
353,The Food Foundry,"North Indian, Chinese, Mughlai, Italian, Continental, Fast Food, Desserts, Sichuan",3.9,"₹1,300 for two","Kopar Khairane, Navi Mumbai"
354,Kokum,"Malwani, Konkan, Chinese, North Indian",4.0,"₹1,000 for two","Vasai, Mumbai"
355,Cafe Zebro,"Continental, North Indian, Italian, Pizza, Sandwich, Wraps, Desserts, Beverages",3.9,"₹1,400 for two","Chembur, Mumbai"
356,Liberty,"Chinese, North Indian, Malwani",3.9,₹800 for two,"Marve, Mumbai"
357,The Den,"Pasta, Pizza, Bar Food, Fast Food, European",4.0,"₹1,500 for two","Khar, Mumbai"
358,Singh Saab,"North Indian, Asian, Mughlai, Desserts, Beverages",4.2,"₹1,600 for two","Chembur, Mumbai"
359,Ostaad,"Mediterranean, North Indian, Chinese, Desserts, Beverages",4.1,"₹2,000 for two","Lower Parel, Mumbai"
360,Sanjog Bar & Restaurant,"North Indian, Chinese, Mughlai, Biryani, Seafood, Kebab, Asian",3.6,"₹1,200 for two","Vashi, Navi Mumbai"
361,Bhingari Restaurant & Bar,North Indian,3.5,"₹1,000 for two","Virar, Mumbai"
362,Miro Lounge - Svenska Design Hotel,"Continental, North Indian, Chinese, Desserts",3.5,"₹2,000 for two","Veera Desai Area, Mumbai"
363,Asia Kitchen By Mainland China,"Chinese, Thai, Asian, Seafood, Beverages, Finger Food, Desserts",4.3,"₹2,000 for two","Oberoi Mall, Goregaon East, Mumbai"
364,WTF!,"North Indian, Chinese, Continental",4.2,"₹1,500 for two","7 Bungalows, Andheri West, Mumbai"
365,Trsna,"North Indian, Seafood, Chinese, Mughlai, Finger Food",3.6,"₹1,300 for two","Ghodbunder Road, Thane"
366,Lounge Bar - Hilton Mumbai International Airport,"Finger Food, Beverages, Continental, Asian, North Indian",3.3,"₹3,000 for two","Hilton Mumbai International Airport, Chakala, Mumbai"
367,Bhoomi Resto & Bar,"North Indian, Chinese, Sandwich, Drinks Only",3.8,₹500 for two,"CBD-Belapur, Navi Mumbai"
368,Hotel Grand Central,"North Indian, Chinese, Asian, Mughlai, Seafood, Desserts, Beverages, Shake",4.1,"₹1,200 for two","Chembur, Mumbai"
369,Barrel Mansion,"Asian, Continental, Italian, Bar Food",3.9,"₹3,500 for two","Sahara Star, Vile Parle East, Mumbai"
370,Double Deck Lounge,"Bar Food, Chinese, North Indian, Mughlai, Continental, Fast Food, Seafood, Beverages",3.9,"₹1,200 for two","Wagle Estate, Thane West, Thane"
371,The Shelter Farms,"Chinese, North Indian, Mughlai, Seafood, Shake, Beverages",4.0,"₹1,300 for two","Owale, Thane West, Thane"
372,HOD - Kitchen & Bar,"North Indian, Italian, Continental, Thai, Chinese, Mughlai, Biryani, Desserts",4.1,"₹1,400 for two","Goregaon East, Mumbai"
373,Sette Mara,Middle Eastern,3.3,"₹3,000 for two","The St. Regis, Lower Parel, Mumbai"
374,Kitty Su - The Lalit Mumbai,Finger Food,3.9,"₹3,000 for two","The Lalit Mumbai, Chakala, Mumbai"
375,The Flip Bar,"Continental, Finger Food, Italian",4.0,"₹1,000 for two","Kandivali East, Mumbai"
376,Captain Cook's Bar,Finger Food,3.6,"₹1,600 for two","Mapgaon, Alibag"
377,The Mint Leaf Lounge,"North Indian, Fast Food, Mughlai, Chinese",4.0,"₹1,500 for two","Ghansoli, Navi Mumbai"
378,Lounge 18,"North Indian, Finger Food, Chinese, Fast Food, Beverages, Street Food",4.0,"₹1,000 for two","Vasant Vihar, Thane West, Thane"
379,Radio Bar,"North Indian, Continental",3.8,"₹2,100 for two","Khar, Mumbai"
380,La Lola,"Italian, Bar Food, Beverages, Fast Food",3.9,"₹2,000 for two","Kamala Mills Compound, Mumbai"
381,Bonobo,"Italian, Mexican, European, Continental, Finger Food, Fast Food",3.9,"₹1,800 for two","Kenilworth Mall, Linking Road, Bandra West, Mumbai"
382,VJ Kitchen N Bar,"Asian, Thai, North Indian, Mughlai, Mangalorean, Seafood, Beverages, Desserts",3.8,"₹1,200 for two","Vashi, Navi Mumbai"
383,Timbuctoo,"Kebab, Fast Food, Biryani, Italian, Beverages, Chinese",3.9,"₹1,900 for two","Malad West, Mumbai"
384,Venkat's Mantraa Kitchen & Bar,"North Indian, Seafood, Chinese, Desserts, Biryani, Beverages",3.7,"₹1,000 for two","New Panvel, Navi Mumbai"
385,The Kitchen & Bar,"North Indian, Chinese, Malwani, Biryani, Seafood",3.7,₹700 for two,"CBD-Belapur, Navi Mumbai"
386,Vikas Restaurant & Bar,"North Indian, Chinese, Finger Food",3.7,₹600 for two,"Kalyan, Thane"
387,QB's Quarter Bayz,"North Indian, Chinese, Seafood",3.0,"₹1,200 for two","Reclamation, Bandra West, Mumbai"
388,Royal Punjab Restaurant And Bar,"Chinese, North Indian, Finger Food",3.7,₹500 for two,"Bhandup, Mumbai"
389,Hazara Restaurant & Bar,"Mughlai, North Indian, Chinese, Seafood, Biryani, Fast Food, Sandwich",3.3,₹600 for two,"Sion, Mumbai"
390,Sorriso Brasserie And Bar,"North Indian, Chinese, Continental, Malwani, Desserts",3.9,"₹1,100 for two","Mulund West, Mumbai"
391,Reunion Bar & Kitchen,"Finger Food, North Indian, Chinese, Biryani, Desserts",3.9,"₹1,500 for two","Mahim, Mumbai"
392,Royale MasterChef Lounge,"Asian, Continental, Lebanese",4.3,"₹1,400 for two","Dahisar West, Mumbai"
393,Toto's Garage,"North Indian, Chinese, Continental",4.1,"₹1,800 for two","Pali Hill, Bandra West, Mumbai"
394,The Oaks - Lounge & Bar - GCC Hotel & Club,"Fast Food, North Indian, Chinese, Continental",4.0,"₹1,800 for two","GCC Hotel & Club, Mira Road, Mumbai"
395,Drink Eat Repeat,"Chinese, Fast Food, Finger Food, Pizza, Pasta, North Indian, Desserts, Beverages",4.2,"₹1,400 for two","CBD-Belapur, Navi Mumbai"
396,Reloaded Bar And Kitchen,"North Indian, Chinese, Fast Food, Maharashtrian",4.0,"₹1,200 for two","Chembur, Mumbai"
397,National Punjab Casual Dining N Bar,"Chinese, Mughlai, Seafood, North Indian",3.4,₹900 for two,"Panch Pakhadi, Thane West, Thane"
398,JW Lounge - JW Marriott Mumbai Sahar,"Italian, North Indian, American, Fast Food",4.1,"₹3,000 for two","JW Marriott Mumbai Sahar, Chakala, Mumbai"
399,Surbhi Malvani Kitchen & Bar,"Malwani, North Indian, Chinese, Biryani, Seafood, Maharashtrian, Desserts, Beverages",4.1,₹600 for two,"Airoli, Navi Mumbai"
400,PJ's,"Continental, Chinese, North Indian",4.2,₹700 for two,"Pali Hill, Bandra West, Mumbai"
401,Bottles,"North Indian, Chinese, Seafood",3.0,"₹1,300 for two","7 Bungalows, Andheri West, Mumbai"
402,Shiv Palace Rest & Bar,"North Indian, Mughlai, Biryani, Chinese",2.6,₹700 for two,"Matunga West, Mumbai"
403,Green Restaurant & Bar,Chinese,3.7,₹800 for two,"Dadar Shivaji Park, Mumbai"
404,The BonBon Club,"North Indian, Chinese, Thai, Desserts",3.2,"₹2,200 for two","Mira Road, Mumbai"
405,On Toes Pub,"Chinese, Italian",3.8,"₹1,300 for two","Veera Desai Area, Mumbai"
406,Le Bar Diamantaire - Sofitel,"Finger Food, Pizza, Chinese, American",3.9,"₹4,000 for two","Sofitel, Bandra Kurla Complex, Mumbai"
407,The Red Chillies Bar Lounge,North Indian,3.6,"₹1,600 for two","Malad West, Mumbai"
408,Ibiza Resto Bar & Cafe,"North Indian, Chinese, Continental, Desserts, Beverages",3.7,"₹1,200 for two","Vashi, Navi Mumbai"
409,Club Sirkus,"Finger Food, Pizza",4.0,"₹3,000 for two","Sahara Star, Vile Parle East, Mumbai"
410,The Tipsy Tiger Garden Bar,"American, Chinese, Continental, Beverages",3.6,"₹1,900 for two","Peninsula Redpine, Marol, Mumbai"
411,The Tandoor Rest-o-Bar - Rudra Shelter International,"Continental, South Indian, North Indian, Chinese",4.3,"₹1,200 for two","Rudra Shelter International, Vasai, Mumbai"
412,Ambience Bar & Kitchen,"Chinese, North Indian, Seafood, Finger Food, Biryani, Fast Food, Mughlai, Italian",4.0,"₹1,200 for two","Lower Parel, Mumbai"
413,Zenzibu Da Sky Lounge,"Chinese, Italian, North Indian",3.8,"₹1,700 for two","Kopar Khairane, Navi Mumbai"
414,Club Illusions,"Continental, Mexican, Asian, Fast Food",4.1,"₹2,700 for two","Andheri Lokhandwala, Andheri West, Mumbai"
415,Spices Restaurant & Bar,"North Indian, Chinese, Mughlai, Indonesian, Kebab, Seafood, Finger Food, Malwani",3.8,₹650 for two,"Kopar Khairane, Navi Mumbai"
416,QBV,"Fast Food, Finger Food, Chinese, North Indian",3.6,"₹1,200 for two","Malad West, Mumbai"
417,Urban Village,"North Indian, Chinese, Maharashtrian, Fast Food, Shake",3.8,"₹2,000 for two","Ghodbunder Road, Thane"
418,Mumbai Local Bar & Kitchen,"Bar Food, North Indian, Chinese",3.8,"₹1,800 for two","Parel, Mumbai"
419,Vatika Garden Resto Bar,North Indian,3.2,"₹1,000 for two","Mira Road, Mumbai"
420,Tiqri Bar & Lounge - Taj Santacruz,Finger Food,4.1,"₹2,500 for two","Taj Santacruz, Santacruz East, Mumbai"
421,Leo 89,"North Indian, Mughlai, Chinese",3.8,"₹1,300 for two","Chembur, Mumbai"
422,Chi - Italy,"Chinese, Italian, Fast Food, Pizza",3.7,"₹1,000 for two","Malad West, Mumbai"
423,Rocky Star Cocktail Bar,"European, Mediterranean, Beverages",4.5,"₹2,600 for two","Worli, Mumbai"
424,Road House Bluez,"Chinese, Fast Food, Pizza",4.3,"₹1,800 for two","Azad Nagar, Mumbai"
425,Opium Den - Trident Nariman Point,Finger Food,3.8,"₹3,000 for two","Trident, Nariman Point, Mumbai"
426,Trilok Family Restaurant & Bar,"Chinese, North Indian, Seafood, Mughlai, Finger Food, Kebab, Biryani, Sichuan",3.1,₹600 for two,"Matunga East, Mumbai"
427,The Beachcomber - Sun N Sand Hotel,Finger Food,3.9,"₹3,000 for two","Sun n Sand Hotel, Juhu, Mumbai"
428,Force Lounge,"North Indian, Mexican, Continental, Italian, Chinese",3.6,"₹1,200 for two","Royal Challenge Complex, Goregaon , Mumbai"
429,Mighty Small,"Continental, American",3.9,"₹1,200 for two","Kamala Mills Compound, Mumbai"
430,Maujja,"North Indian, Oriental, Chinese, Bar Food, Desserts, Beverages",4.0,"₹1,500 for two","Vile Parle East, Mumbai"
431,Bar 87 - Ramada Powai Hotel And Convention Centre,"Finger Food, North Indian, Desserts, Beverages",3.9,"₹1,900 for two","Ramada Powai Hotel & Convention Centre, Powai, Mumbai"
432,Tipplers Lounge - Four Points By Sheraton,Finger Food,3.6,"₹2,600 for two","Four Points by Sheraton, Vashi, Navi Mumbai"
433,BarCode Lounge,"North Indian, Continental, Chinese, Beverages",4.0,"₹1,600 for two","Mira Road, Mumbai"
434,Farmhouse Rooftop Lounge,"Chinese, North Indian, Mughlai, Fast Food, Seafood, Bar Food, Asian, Biryani",4.0,"₹1,600 for two","Vasai, Mumbai"
435,Wings,"North Indian, Continental, Chinese, Finger Food, Pizza",3.7,"₹1,700 for two","Vasai, Mumbai"
436,Merlin's Karaoke Bar - The Orchid,Finger Food,3.9,"₹2,500 for two","The Orchid, Vile Parle East, Mumbai"
437,Frolic Lounge And Bar - Hotel Sai Palace Grand,"Continental, Chinese, North Indian, Pizza, Finger Food",3.7,"₹3,000 for two","Hotel Sai Palace Grand, Malad West, Mumbai"
438,Mahesh Lunch Home & Bar,"North Indian, Chinese, Maharashtrian, Finger Food, Mughlai, Kebab",3.5,₹600 for two,"Kurla, Mumbai"
439,RD Lounge,"North Indian, Bar Food",3.8,"₹1,500 for two","Kalwa, Thane"
440,The Wine Table,Finger Food,3.8,"₹2,000 for two","Powai, Mumbai"
441,Hotel S3 Park,"North Indian, Asian, Continental, Mughlai, Maharashtrian, South Indian, Sichuan",3.6,"₹1,000 for two","Ambernath, Thane"
442,Wink - President,"Finger Food, Japanese",4.1,"₹4,500 for two","President, Cuffe Parade, Mumbai"
443,Durga Restaurant And Bar,"North Indian, Chinese, Seafood, Finger Food, Hyderabadi, Biryani, Kebab",4.2,₹800 for two,"Matunga East, Mumbai"
444,The Shelter,"North Indian, Chinese, Mughlai, Seafood, Malwani, Beverages",3.9,"₹1,600 for two","Naupada, Thane West, Thane"
445,South Coast Hotel - Nisarga,"Chinese, Seafood, North Indian, Rolls",4.1,"₹1,500 for two","Ghansoli, Navi Mumbai"
446,Datt Family Restaurant and Bar,"Bar Food, Chinese, Maharashtrian, Seafood, North Indian, Sichuan",3.2,₹700 for two,"Old Panvel, Navi Mumbai"
447,Shiv Shakti,"North Indian, Chinese, Mughlai, Malwani, Biryani",3.4,₹600 for two,"Bandra East, Mumbai"
448,Vrindavan Restaurant & Bar,"Chinese, North Indian, Mughlai, Seafood, Kebab, Biryani, Sandwich, Finger Food",3.7,₹600 for two,"Malad West, Mumbai"
449,Peninsula Next,"North Indian, Mughlai, Chinese, Fast Food, Beverages",3.8,"₹1,200 for two","Sion, Mumbai"
450,Golden Chimney,"North Indian, Seafood, Chinese",4.0,₹950 for two,"Girgaum, Mumbai"
451,The Ghetto,"Italian, Continental, Fast Food",3.9,"₹1,600 for two","Breach Candy, Mumbai"
452,Bay View Bar,"North Indian, Chinese, Continental, Mughlai, Desserts",3.6,"₹1,500 for two","Citizen Hotel, Juhu, Mumbai"
453,90ML Bar & Kitchen,"Continental, Asian, North Indian, Finger Food",4.1,"₹1,400 for two","Bandra East, Mumbai"
454,Tropics Bar - Taj Lands End,Finger Food,3.5,"₹3,000 for two","Taj Lands End, Bandra, Mumbai"
455,Renault Bar & Restaurant,"Chinese, North Indian, Thai, Fast Food, Seafood",3.9,₹800 for two,"Byculla, Mumbai"
456,O22 Bar Lounge - Trident,Finger Food,3.6,"₹5,000 for two","Trident, Bandra Kurla Complex, Mumbai"
457,Arena Lounge,"North Indian, Fast Food, Thai, Bar Food, Mughlai, Beverages, Continental",3.6,"₹1,500 for two","Dombivali East, Thane"
458,Six Degrees - The Leela Mumbai,"Finger Food, Continental, Italian",3.6,"₹5,000 for two","The Leela Mumbai, Chakala, Mumbai"
459,Curry N Spice- Yogi Executive,"North Indian, Chinese, Thai, Italian",3.8,"₹1,500 for two","Hotel Yogi Executive, Vashi, Navi Mumbai"
460,Dirty Buns SoBo,"American, Korean",3.8,"₹2,000 for two","Breach Candy, Mumbai"
461,DRINX Stock Market Bar,Finger Food,3.6,₹800 for two,"Juhu, Mumbai"
462,Fredericks Lounge - ITC Grand Central,Finger Food,3.6,"₹3,000 for two","ITC Grand Central, Parel, Mumbai"
463,Bombay High - ITC Maratha,"Finger Food, Pizza, Bar Food, Mughlai, Fast Food",3.5,"₹5,000 for two","ITC Maratha, Chakala, Mumbai"
464,Vrindavan,"Chinese, North Indian, Malwani, Kebab, Seafood, Biryani, Beverages",3.4,₹700 for two,"Near Andheri East Station, Mumbai"
465,HOP : House of Party,"Finger Food, Continental, Asian, Bar Food, Desserts, Pizza",4.2,"₹2,000 for two","Andheri Lokhandwala, Andheri West, Mumbai"
466,Rasoi Restaurant & Bar,"Chinese, Mughlai, North Indian, Biryani, Kebab",3.3,₹500 for two,"Nerul, Navi Mumbai"
467,Bliss,"Continental, Chinese, North Indian",3.3,₹800 for two,"Mira Road, Mumbai"
468,B Desi,"Bar Food, Mughlai, Continental, Asian, Mexican, Italian",3.8,"₹2,000 for two","Veera Desai Area, Mumbai"
469,Sai Dhaba Family Restaurant And Bar,"Chinese, North Indian, Mughlai",3.7,"₹1,000 for two","Upvan, Thane West, Thane"
470,Akshith Kitchen & Bar,"North Indian, Chinese, Thai",3.6,₹900 for two,"Mira Road, Mumbai"
471,Timeless Restaurant,"North Indian, Chinese, Mughlai, Seafood, Biryani, Desserts, Finger Food, Sichuan",3.5,₹800 for two,"Mira Road, Mumbai"
472,24x7 Lounge,"Continental, Mexican",3.1,₹500 for two,"Vile Parle East, Mumbai"
473,Atithi,"North Indian, Mughlai, Chinese, Thai, Seafood, Sichuan",4.0,"₹1,800 for two","Mulund West, Mumbai"
474,The Champagne Lounge - The Oberoi Mumbai,Finger Food,3.5,"₹3,000 for two","The Oberoi, Nariman Point, Mumbai"
475,Krishna Resto-Bar,"Malwani, North Indian, Mughlai, Chinese",3.8,"₹1,200 for two","Naupada, Thane West, Thane"
476,Ashwith Family Dining Bar,"North Indian, Chinese, Sichuan, Seafood, Street Food, Biryani, Desserts, Beverages",4.0,₹800 for two,"CBD-Belapur, Navi Mumbai"
477,The Oasis - Country Inn & Suites By Radisson,"North Indian, Chinese, Seafood, Finger Food",3.6,"₹1,400 for two","Ghansoli, Navi Mumbai"
478,Dublin The Irish Bar - ITC Grand Central,Finger Food,3.8,"₹3,750 for two","ITC Grand Central, Parel, Mumbai"
479,Slice of Lime,"Continental, Finger Food",3.7,"₹1,500 for two","Times Square, Marol, Mumbai"
480,Club Escape,"Finger Food, Beverages",2.0,"₹2,000 for two","Veera Desai Area, Mumbai"
481,9Tanki,"Chinese, North Indian",3.6,"₹2,000 for two","Vashi, Navi Mumbai"
482,Cafe Orritel,"North Indian, Chinese, Sandwich, Beverages",3.9,"₹1,000 for two","Andheri Lokhandwala, Andheri West, Mumbai"
483,Cabo Farms,"North Indian, Chinese, Continental, Mughlai, Malwani",3.5,"₹1,000 for two","Owale, Thane West, Thane"
484,Eighteen The Lounge - The Westin Mumbai Garden City,Finger Food,4.0,"₹2,700 for two","The Westin Mumbai Garden City, Goregaon East, Mumbai"
485,Vicious Circle Kitchen And Bar,"North Indian, Chinese, Mughlai",3.9,"₹1,500 for two","Vashi, Navi Mumbai"
486,B Cuisines & Cocktails,"Continental, Lebanese, North Indian",4.0,"₹2,300 for two","Hotel Krishna Palace, Grant Road, Mumbai"
487,Reflections - JW Marriott Mumbai Juhu,"Finger Food, Bar Food, Pizza, Fast Food",3.7,"₹4,000 for two","JW Marriott Mumbai Juhu, Juhu, Mumbai"
488,Grand Centre Restaurant & Bar,"Chinese, North Indian, Kebab, Seafood",3.1,"₹1,400 for two","Tardeo, Mumbai"
489,Sai Sannidhi Restaurant & Bar,"North Indian, Chinese, Kebab, Mughlai, Seafood, Mangalorean, Biryani",3.8,"₹1,000 for two","Dahisar East, Mumbai"
490,Janta Bar N Restaurant,"North Indian, Chinese, Mughlai, Finger Food",3.3,₹700 for two,"Lower Parel, Mumbai"
491,Aum Fine Dine,"North Indian, Chinese, Thai, Continental, Shake",3.4,"₹1,100 for two","Malad West, Mumbai"
492,Spice & Ice Resto Bar,"North Indian, Chinese, Biryani",3.6,₹700 for two,"Chakala, Mumbai"
493,Parsley - The Lounge,"Chinese, Fast Food, North Indian, Kebab, Beverages",3.0,"₹1,300 for two","Malad West, Mumbai"
494,Sneha Bar & Restaurant,"North Indian, Chinese, Rolls",2.9,₹400 for two,"Bhayandar, Mumbai"
495,72 - Holiday Inn,Finger Food,4.0,"₹2,500 for two","Holiday Inn, Sakinaka, Mumbai"
496,Northern Tadka,North Indian,3.3,₹900 for two,"Times Square, Marol, Mumbai"
497,Cooling Tower Cafe,"Continental, Italian, Asian, Coffee, Beverages",3.7,"₹1,100 for two","Cooling Tower, Goregaon East, Mumbai"
498,District Lounge - The Shalimar Hotel,"North Indian, Continental, Fast Food",3.7,"₹1,200 for two","The Shalimar Hotel, Kemps Corner, Mumbai"
499,Fuel The Lounge,"American, Chinese, Continental",3.7,"₹1,900 for two","Powai, Mumbai"
500,Adarsh Restaurant & Bar,"North Indian, Mughlai, Mangalorean, Ice Cream, Beverages",3.4,₹800 for two,"Chembur, Mumbai"
